<?xml version="1.0" encoding="utf-8"?>
<!--Created using XmlSitemapGenerator.org - Free HTML, RSS and XML sitemap generator-->
<rss version="2.0">
  <channel>
    <title>WAPROL AGRO</title>
    <link>http://wap-rol.agro.pl</link>
    <description />
    <item>
      <guid>http://wap-rol.agro.pl/</guid>
      <title>WAPROL AGRO</title>
      <link>http://wap-rol.agro.pl/</link>
      <description />
    </item>
    <item>
      <guid>http://wap-rol.agro.pl/download/ATEST%20NW-36-15.pdf</guid>
      <title>ATEST NW-36-15.pdf</title>
      <link>http://wap-rol.agro.pl/download/ATEST%20NW-36-15.pdf</link>
      <description />
    </item>
    <item>
      <guid>http://wap-rol.agro.pl/download/ATEST%20NW-21-19.pdf</guid>
      <title>ATEST NW-21-19.pdf</title>
      <link>http://wap-rol.agro.pl/download/ATEST%20NW-21-19.pdf</link>
      <description />
    </item>
    <item>
      <guid>http://wap-rol.agro.pl/download/ATEST%20NW-37-15.pdf</guid>
      <title>ATEST NW-37-15.pdf</title>
      <link>http://wap-rol.agro.pl/download/ATEST%20NW-37-15.pdf</link>
      <description />
    </item>
    <item>
      <guid>http://wap-rol.agro.pl/download/ATEST%20NW-35-15.pdf</guid>
      <title>ATEST NW-35-15.pdf</title>
      <link>http://wap-rol.agro.pl/download/ATEST%20NW-35-15.pdf</link>
      <description />
    </item>
  </channel>
</rss>
<!--<guid value="38b2b223-3dfa-43ba-af3c-315732bd18e7" />-->
<!--Created using XmlSitemapGenerator.org - Free HTML, RSS and XML sitemap generator-->